{"cameraMode":{"drawMode":0,"name":"Shaded","section":"Shading Mode"},"sceneLighting":false,"audioPlay":false,"sceneViewState":{"m_AlwaysRefresh":false,"showFog":true,"showSkybox":false,"showFlares":true,"showImageEffects":true,"showParticleSystems":true,"showVisualEffectGraphs":true,"m_FxEnabled":true},"in2DMode":false,"pivot":{"x":-0.0035266843624413015,"y":0.004114977084100246,"z":0.000056356191635131836},"rotation":{"x":0.000060456572100520134,"y":0.9999424815177918,"z":0.008399710059165955,"w":-0.007199735846370459},"size":0.12247449159622193,"orthographic":false}